match_id,player_slot,radiant_win,duration,game_mode,lobby_type,kills,deaths,assists,start_time,lane,lane_role,hero_id,item_0,item_1,item_2,item_3,item_4,item_5,tower_damage,hero_damage,hero_healing,last_hits
6217037143,131,true,1778,22,7,4,4,5,1633875702,,,77,21,40,635,11,214,0,0,7066,131,97
6216938645,1,false,2880,22,7,6,4,11,1633872331,,,63,160,63,116,26,166,149,1589,39129,0,297
6215521042,130,true,2123,22,7,9,6,9,1633792884,,,126,50,108,100,23,77,77,0,20362,0,159
6215393458,3,true,4122,22,7,16,8,18,1633787995,,,93,135,249,116,603,63,160,22606,53044,0,504
6207303807,128,false,3593,22,7,21,8,16,1633269110,1,3,39,156,96,116,98,135,112,12571,59946,0,462
6205872397,0,false,2708,22,7,16,5,11,1633187357,,,74,156,98,116,0,141,48,3680,54308,0,259
6205800871,129,true,2212,22,7,7,7,10,1633184736,,,41,485,172,116,249,63,75,0,12111,0,265
6205727729,130,true,2355,22,7,14,5,8,1633181992,,,35,236,63,172,249,135,52,3126,30240,0,258
6204342904,3,false,2441,22,7,7,4,7,1633099033,,,34,178,41,201,1,273,108,0,79831,0,175
6204271914,3,false,2320,22,7,11,6,7,1633096359,,,76,36,58,116,24,63,534,1321,22951,0,197
6201639539,131,false,2678,22,7,20,4,15,1632925934,,,60,50,208,116,1,225,252,4002,38673,0,243
6201551155,2,true,2943,22,7,11,6,16,1632922432,,,63,236,168,116,133,149,26,12327,47421,0,278
6200374222,128,false,2060,22,7,7,8,21,1632840123,,,129,50,178,116,1,11,37,195,16438,0,106
6200293186,131,false,2766,22,7,18,4,9,1632836927,,,76,123,96,0,249,63,534,5127,44940,0,270
6197703225,2,true,1541,22,7,5,1,15,1632666133,,,99,178,63,36,11,108,125,4248,13817,0,153
6197624172,130,true,2296,22,7,6,8,9,1632663364,,,19,50,65,116,1,141,252,630,22781,0,233
6196183870,131,false,2818,22,7,16,3,28,1632580297,,,35,50,158,116,152,160,139,14815,61104,0,369
6196079219,0,true,3059,22,7,8,9,20,1632576731,,,77,40,116,635,168,143,108,7304,18081,3760,350
6194550620,0,true,3003,22,7,14,10,14,1632493019,,,9,141,147,116,40,63,166,7435,31369,0,244
6194487494,3,true,1922,22,7,21,2,18,1632490689,,,19,50,249,37,1,55,252,11072,39645,0,132
6193251810,3,true,1302,22,7,8,1,8,1632407566,,,28,36,63,11,1,73,125,588,11223,0,64
6193174622,131,true,2429,22,7,18,4,8,1632404626,,,34,178,41,37,1,121,108,0,47984,0,243
6190625099,1,false,3196,22,7,20,5,7,1632235461,2,2,81,108,98,116,249,63,154,8397,45523,0,368
6190539623,131,false,2427,22,7,13,5,14,1632232294,,,106,50,1466,116,123,36,569,2667,36860,314,209
6187653594,4,false,4013,22,0,6,6,24,1632062239,3,3,77,168,208,116,635,220,55,18058,35100,10923,475
6187539413,2,true,2688,22,0,37,8,13,1632058399,,,104,50,100,108,249,235,252,6596,62294,4910,205
6185967552,3,true,2968,22,7,10,13,20,1631975440,,,135,162,40,116,249,252,63,1798,29942,5620,167
6185906563,0,false,1770,22,7,0,7,1,1631973358,,,84,42,190,65,216,29,244,0,3626,800,40
6184466820,2,true,1964,22,7,8,5,19,1631889486,,,14,131,36,40,1,232,214,459,19738,6376,72
6184404734,132,true,1809,22,7,3,6,11,1631887260,,,54,50,92,229,40,218,181,0,7564,240,43
6181833297,130,false,2272,22,7,9,3,12,1631719849,,,1,27,208,147,145,63,160,7364,24991,55,344
6181753621,3,false,2451,22,7,0,7,6,1631716790,,,72,149,63,116,26,236,108,397,28317,0,341
6181664136,131,true,2833,22,7,3,5,19,1631713483,,,135,50,226,116,40,162,252,120,20590,1924,250
6179136994,3,true,2257,22,7,7,1,10,1631545313,,,11,63,156,263,249,154,117,23266,15449,110,324
6179051276,131,true,2424,22,7,4,10,16,1631542212,,,20,36,63,75,149,108,154,142,18372,0,190
6178991117,131,false,1849,22,7,6,0,12,1631539937,,,41,160,0,172,249,63,252,8797,16331,0,255
6177726670,131,false,2505,22,7,11,0,6,1631457103,,,93,63,208,249,603,252,160,12645,26562,0,372
6177642208,128,true,2487,22,0,10,7,14,1631454202,,,47,40,226,131,263,63,162,1079,20396,0,186
6176158019,131,true,2050,22,7,4,4,5,1631374120,,,56,166,147,116,63,236,28,0,38577,0,271
6176076788,3,false,2199,22,7,13,6,12,1631371269,2,2,126,50,21,8,273,77,598,0,26097,110,136
6175981751,3,false,2824,22,7,10,6,28,1631367976,,,65,9,185,116,1,48,273,38,30105,0,211
6171785793,131,false,2040,22,7,9,3,36,1631110266,,,16,48,226,100,1,242,21,632,34240,0,174
6171712614,128,true,2219,22,7,2,13,11,1631107450,,,71,50,36,127,252,215,73,0,22719,0,110
6170487471,128,false,1865,22,7,5,4,29,1631024418,,,55,178,40,79,108,180,34,439,21127,4214,102
6170423076,0,true,2045,22,7,22,0,7,1631021992,,,46,263,154,116,1,141,168,9933,51969,0,277
6166296314,0,true,1661,22,7,20,1,16,1630769712,3,3,81,36,156,249,185,63,252,5390,29912,0,145
6166212306,128,false,2316,22,7,21,4,11,1630766847,,,56,263,63,116,141,160,166,12818,57859,0,312
6166116147,0,true,2503,22,7,15,6,15,1630763644,,,90,108,123,204,1,48,77,1133,40801,4538,314
6164579709,132,false,2484,22,0,16,7,32,1630678646,,,64,190,231,116,102,60,77,8580,35329,8551,154
6164481368,1,true,2914,22,7,3,4,36,1630675033,,,102,269,176,102,1,40,214,416,14316,22195,47
6163259651,0,false,2100,22,7,9,6,9,1630592487,,,72,36,116,190,40,63,244,668,26610,220,155
6163181225,3,true,2321,22,7,5,7,18,1630589530,,,14,50,36,102,1,232,244,66,16421,0,41
6161934911,3,false,2299,22,7,3,12,22,1630505187,,,71,36,127,267,187,188,63,0,19780,608,53
6161879479,0,true,1760,22,7,3,1,13,1630503058,,,81,36,63,108,249,73,73,5698,16351,0,166
6160596175,131,true,2491,22,7,8,9,13,1630419256,,,96,108,114,131,1,29,125,1409,27184,0,223
6160515719,0,false,2348,22,7,12,4,10,1630416294,,,15,63,116,100,1,273,108,6668,31667,0,279
6156004616,3,true,2742,22,7,17,5,18,1630160039,,,52,119,116,610,692,48,273,14469,54752,0,400
6155932565,0,true,2081,22,7,4,9,21,1630157587,,,23,36,63,127,9,73,108,1399,21859,0,139
6154367539,128,false,2486,22,7,11,6,23,1630072706,,,35,108,11,29,1,235,244,677,30674,0,152
6154305874,128,false,1857,22,7,17,0,6,1630070436,,,81,156,151,63,1,154,252,8049,23434,0,238
6153014556,128,true,2999,22,7,7,4,18,1629989196,,,99,242,210,9,40,108,48,6908,31770,0,264
6152933894,0,true,2574,22,7,7,6,27,1629986301,,,40,273,79,267,190,692,48,6130,39799,2635,204
6150110459,0,true,3369,22,7,14,3,21,1629814194,,,23,117,156,116,141,137,154,14782,66834,0,504
6150047002,3,false,1901,22,7,3,7,6,1629811913,,,114,50,36,252,569,0,244,0,13168,0,59
6148649745,129,false,3466,22,7,8,13,29,1629726914,,,100,30,229,168,1,81,214,406,21003,2946,50
6143931383,131,false,2912,22,7,14,7,30,1629469551,,,23,50,185,176,36,273,108,684,35211,400,214
6143867634,131,false,1795,22,7,9,0,14,1629467347,,,72,154,156,236,149,117,108,10607,54266,0,400
6142380555,3,true,2492,22,7,10,3,23,1629379357,,,72,48,37,190,244,273,235,3022,34576,0,181
6141038312,131,true,2296,22,0,4,14,6,1629296762,1,3,45,77,36,254,232,214,77,138,24995,608,94
6140958961,131,false,2368,22,0,10,14,29,1629294021,,,129,50,229,116,1,131,36,1161,30208,0,95
6140874161,131,false,2351,22,0,15,3,14,1629290904,,,126,36,168,100,273,63,77,1420,30931,330,159
6122872631,0,true,2356,22,7,11,4,18,1628261905,,,19,50,37,141,1,252,273,2979,36154,0,141
6122786509,128,false,2487,22,7,33,9,8,1628259020,,,44,208,156,116,145,168,0,11255,63804,0,248
6120051008,2,false,2461,22,7,7,5,3,1628089736,,,74,50,98,116,40,267,77,1176,24550,0,159
6119983728,129,true,2066,22,7,2,5,7,1628087146,,,48,154,168,172,149,236,63,3104,16808,0,301
6119900365,129,false,2570,22,7,10,2,27,1628083958,,,123,36,116,1466,273,108,48,4030,41408,0,342
6117070539,0,true,2338,22,7,16,4,19,1627911889,,,13,235,273,100,1,534,48,3108,38419,138,345
6115616970,0,false,3532,22,7,6,9,20,1627826046,,,14,37,0,267,1,232,48,685,24618,10822,41
6115541068,3,false,2073,22,7,1,11,8,1627823452,,,35,75,63,236,244,166,75,283,15532,392,86
6113951755,3,true,1879,22,7,6,4,18,1627741232,,,40,29,232,267,131,273,261,3741,20866,0,143
6113873637,131,true,2137,22,7,5,4,10,1627738623,,,35,36,214,244,273,108,0,0,31359,0,137
6113817218,0,true,1469,22,7,18,0,6,1627736649,,,114,50,149,252,149,168,569,7592,23747,720,138
6110685657,131,false,2870,22,7,9,6,30,1627564587,,,29,81,229,231,1,240,273,2558,24473,11926,152
6109421799,0,false,2250,22,7,8,3,5,1627485037,,,54,50,151,141,65,135,162,4415,19114,0,245
6109334492,128,true,2572,22,7,14,4,11,1627481871,,,13,61,235,48,1,534,273,3177,52712,345,296
6109256639,128,false,2227,22,7,1,4,22,1627479042,,,91,254,269,79,216,34,40,440,5825,14552,13
6105013652,2,true,2913,22,7,18,3,19,1627223662,,,17,108,96,250,273,121,63,3277,50373,0,333
6104880856,131,true,3959,22,0,5,12,33,1627219199,,,129,50,114,226,1,90,242,1431,26445,0,223
6103340353,4,true,3548,22,0,9,6,28,1627138502,,,74,267,229,98,235,48,256,7637,48589,0,216
6103240294,4,true,2924,22,0,29,7,8,1627135161,,,81,112,156,154,600,252,63,19102,74166,0,306
6097332272,3,true,2295,22,7,14,3,18,1626787432,,,123,149,1466,147,273,48,75,2496,34257,0,235
6096976883,0,false,2626,22,7,7,8,14,1626770050,,,74,50,98,116,92,24,170,1065,31656,267,194
6096903661,3,true,3904,22,7,12,14,19,1626765525,,,69,220,119,116,600,235,273,401,63574,0,317
6095992357,129,true,4142,22,0,15,12,24,1626706150,,,135,50,229,116,600,96,81,1210,69412,13271,444
6095910502,3,true,2319,22,0,17,0,16,1626703241,,,99,50,162,208,108,692,114,13181,62812,0,288
6095824440,129,false,2281,22,7,3,9,22,1626700072,,,104,50,0,127,1,226,569,1128,19436,3835,141
6094538867,129,false,1695,22,7,4,1,9,1626620177,,,13,77,77,100,1,534,48,781,15313,230,203
6094421903,3,false,3391,22,7,20,8,17,1626616197,,,74,96,250,116,24,141,48,5243,62958,0,324
6092833581,3,true,2807,22,7,20,6,14,1626533545,,,74,50,116,98,267,119,135,5977,39901,762,189
6089698903,4,false,2048,22,7,5,8,18,1626359257,,,50,29,0,102,232,188,40,78,8570,11006,30
6089624026,130,false,2180,22,7,3,1,26,1626356557,,,9,0,100,214,42,40,176,4225,14639,0,50
6088099316,0,true,1918,22,0,10,1,10,1626267274,,,44,156,40,116,145,117,168,13551,17382,0,289
6085311642,131,false,1999,22,0,7,1,8,1626097666,,,1,27,147,208,145,63,108,10883,15874,0,347
6085233567,0,false,2466,22,7,10,8,16,1626094788,,,114,8,147,116,166,63,108,1991,39481,0,318
6083860718,2,false,3336,22,0,17,6,17,1626012170,,,54,50,160,156,600,154,141,13600,54559,0,416
6083773816,4,false,2354,22,0,7,3,3,1626009297,,,44,141,63,141,145,141,2,966,22980,0,391
6079088886,132,false,2798,22,0,12,10,23,1625751106,,,53,96,250,116,149,158,63,1863,48696,384,368
6077687216,2,false,2948,22,0,11,7,11,1625666554,,,10,156,147,116,63,141,160,22162,35326,0,495
6077626205,0,true,2002,22,0,17,2,16,1625664195,,,98,178,206,692,102,259,180,708,21684,0,126
6076171705,129,false,3055,22,0,14,6,20,1625576473,,,81,235,151,63,1,154,108,8694,39223,0,286
6073207323,130,true,2382,22,7,18,5,11,1625407449,2,2,123,36,1466,147,8,48,149,2332,40341,60,274
6073108460,0,true,2622,22,7,11,7,12,1625404276,,,48,116,156,147,139,0,160,23050,51676,0,420
6071516650,131,false,2597,22,7,9,3,27,1625324351,,,97,235,267,40,1,108,48,170,26246,240,181
6071404379,1,false,2997,22,7,5,5,12,1625320729,,,69,50,96,114,600,21,137,539,30767,0,318
6069652968,0,true,2479,22,0,22,10,14,1625231957,,,2,247,127,147,1,48,125,6007,51870,0,169
6068249316,130,true,2170,22,0,6,4,6,1625149960,3,1,54,50,151,112,11,162,149,1332,24205,0,225
6068162552,3,false,2482,22,0,7,4,9,1625146991,,,97,40,249,116,1,67,63,637,19270,0,222
6066736732,0,false,2893,22,7,14,10,18,1625064365,,,135,50,210,116,96,40,53,935,42108,6398,232
6066634667,2,false,2492,22,7,11,4,6,1625060874,,,1,176,156,147,145,160,63,2436,26120,0,483
6066555012,128,true,1646,22,0,2,5,2,1625058071,,,8,170,63,0,145,166,244,0,8737,1425,180
6061950862,2,true,2380,22,0,21,2,6,1624803198,,,54,50,151,141,156,154,112,12444,55629,0,307
6061855213,2,false,2591,22,7,16,6,10,1624800272,,,129,50,116,100,600,131,178,551,25619,0,199
6058288189,130,true,2438,22,0,10,11,9,1624630377,,,69,50,210,116,1,90,9,0,22062,0,163
6058204744,3,true,1927,22,0,13,4,15,1624627683,,,2,50,24,127,1,170,125,4416,26465,0,193
6056789341,128,false,2844,22,0,9,4,27,1624547888,,,135,50,208,116,1,229,242,1052,31348,9794,288
6056702079,128,true,1989,22,0,4,6,6,1624545049,,,128,50,73,37,141,0,166,212,15591,0,172
6056599666,129,true,2510,22,0,15,7,9,1624541830,,,70,50,26,116,1,145,135,2914,35918,0,360
6055231331,0,true,2508,22,0,16,4,23,1624459576,,,106,30,235,267,108,166,48,1353,45165,115,250
6055141449,129,true,2635,22,0,3,5,5,1624456295,,,10,36,147,176,156,63,149,6550,24745,0,403
6055065039,129,true,2419,22,0,13,5,14,1624453459,,,54,50,151,149,112,569,168,386,41301,0,194
6050847851,1,true,1843,22,0,21,1,14,1624197862,,,54,50,151,149,1,108,168,5669,37531,0,151
6050774560,1,true,2057,22,0,13,4,14,1624195320,,,99,50,178,210,0,242,108,3993,36214,0,203
6050308607,3,true,2211,22,0,12,2,17,1624175860,,,6,75,63,147,263,160,244,12744,34879,0,191
6050235001,132,false,2813,22,0,18,2,24,1624172388,,,67,154,208,147,225,63,114,9265,66100,0,409
6050195961,129,false,1665,22,0,7,3,20,1624170418,,,69,50,36,116,1,65,242,1378,17961,0,108
6049276824,131,false,3078,22,0,4,11,31,1624115771,,,112,37,36,254,102,256,48,40,32145,26984,74
6049152938,1,true,2868,22,0,5,7,26,1624111533,,,120,29,0,174,604,235,0,147,30011,0,191
6049069469,128,true,2154,22,7,11,4,7,1624108556,,,70,50,36,116,1,145,143,2810,19458,0,272
6049002037,129,false,1907,22,7,7,1,21,1624105961,,,135,50,116,229,30,36,252,3579,19073,3244,152
6047569337,3,true,2820,22,7,16,6,11,1624025843,,,61,98,225,116,1,154,63,9241,40197,0,261
6047502977,0,true,1866,22,7,12,4,13,1624023474,,,52,48,692,273,119,244,77,10731,24410,0,198
6047431798,3,true,2192,22,7,14,1,28,1624020769,,,123,244,149,149,1466,48,596,1780,42211,0,174
6046152027,1,true,2102,22,7,4,4,13,1623938921,,,16,180,131,100,1,125,108,313,20297,0,194
6046081976,132,false,2266,22,7,7,6,27,1623936327,1,3,69,50,119,137,1,65,154,2230,29551,0,201
6043341756,1,true,2631,22,7,16,5,7,1623767769,,,46,168,96,135,603,236,63,8230,47033,0,367
6043232063,4,true,2885,22,7,19,5,29,1623763908,,,17,96,98,116,114,121,63,3635,55534,110,328
6041839869,3,true,2329,22,7,13,1,21,1623679808,,,94,154,63,172,108,160,141,13887,53873,0,345
6041759818,3,false,2440,22,7,12,6,10,1623677034,,,74,50,98,116,92,36,135,3049,31531,480,167
6040252159,1,false,1994,22,7,5,6,4,1623594289,1,1,67,36,63,147,24,252,75,185,19385,0,198
6040191556,129,true,1862,22,7,9,13,6,1623592087,3,1,2,29,36,147,1,125,188,281,22433,0,104
6040132865,1,true,1752,22,7,25,2,4,1623589966,,,70,50,36,174,603,168,244,1677,31218,0,158
6038538194,131,true,2305,22,0,10,5,10,1623506837,,,70,50,116,174,1,51,143,334,36395,400,220
6038418219,128,false,4075,22,0,16,1,13,1623502395,,,123,141,141,147,1466,133,160,6097,61060,0,684
6036923668,131,false,3587,22,7,26,9,15,1623419704,,,74,50,250,116,135,123,141,16561,71822,0,281
6036830060,3,true,2892,22,7,8,5,14,1623416112,,,61,178,231,90,250,108,75,8597,25265,2583,314
6035489182,131,false,2194,22,0,16,3,20,1623332740,,,81,108,151,168,1,63,154,12840,41690,0,239
6035427042,129,true,1917,22,0,1,3,2,1623330400,,,10,41,147,116,26,63,75,413,7408,0,247
6034118735,128,true,2006,22,7,7,6,10,1623247837,2,2,13,29,77,202,1,534,77,0,24746,115,144
6034040924,2,true,2158,22,7,13,2,13,1623244799,,,10,156,147,176,1,63,139,14172,46024,0,284
6032665546,2,false,1653,22,0,2,8,6,1623161450,1,1,41,34,63,172,11,166,20,125,6066,0,116
6032577602,3,true,2473,22,0,7,5,25,1623158318,2,2,74,50,96,267,100,77,77,4239,26402,0,156
6029793282,2,true,2460,22,0,24,11,15,1622990904,,,2,50,247,147,1,125,112,4305,36701,0,196
6029718601,129,true,2073,22,7,10,9,8,1622988375,,,17,41,63,98,23,273,77,58,30466,18,148
6029618748,1,false,3054,22,7,12,7,19,1622984990,2,2,52,121,116,100,119,48,108,3478,51058,115,380
6029095780,3,true,2778,22,7,11,5,21,1622963356,,,22,108,48,102,1,273,235,1310,80836,345,291
6027969238,130,false,2994,22,0,12,5,9,1622902543,,,47,36,1466,127,96,63,108,4427,58881,0,331
6027874488,0,false,2521,22,0,3,12,14,1622899357,,,71,50,36,127,218,108,244,0,17100,400,135
6026231766,131,false,3758,22,0,11,7,20,1622813708,,,12,156,208,147,174,114,63,14156,69073,0,636
6024821933,2,true,2007,22,0,13,3,10,1622729142,,,98,178,692,100,11,273,180,1791,26913,304,112
6024747795,128,false,2368,22,0,11,2,16,1622726452,3,1,6,168,63,116,263,154,139,20105,29285,0,253
6023371069,130,true,2219,22,0,2,6,5,1622643794,,,62,50,0,131,232,259,108,0,24454,0,123
6023278165,128,false,3030,22,0,17,11,17,1622640454,,,99,50,114,108,226,692,125,3553,69347,0,231
6021911237,2,true,2531,22,0,15,4,10,1622557856,,,8,117,225,147,1,145,108,11965,43260,17629,379
6021826638,2,true,2456,22,0,12,5,26,1622555050,,,16,131,226,100,1,48,108,603,44409,0,180
6021760270,128,false,2004,22,0,16,4,17,1622552761,,,99,50,36,226,114,108,125,4982,44548,78,188
5945348434,129,true,2724,22,7,14,4,14,1618411883,,,34,178,96,220,1,41,108,48,70888,0,304
5945266166,129,true,1978,22,7,4,7,10,1618409429,,,71,50,36,92,0,569,73,24,11688,445,26
5915974153,131,false,3517,22,0,17,9,12,1617025513,,,104,48,226,168,600,108,154,17108,52764,2160,308
5915893916,131,true,1935,22,0,4,4,7,1617023214,1,3,121,261,48,176,23,77,77,151,16063,250,136
5914274644,3,false,2781,22,0,13,5,13,1616943518,,,34,178,273,108,1,232,220,0,82366,35,360
5914099584,3,false,2747,22,7,10,8,14,1616939067,,,13,48,0,116,1,108,534,722,32454,0,252
5912008882,2,false,3147,22,7,6,10,29,1616855976,3,3,99,50,208,226,692,114,55,2858,49863,0,374
5911894721,130,true,1947,22,7,3,5,7,1616853115,,,73,135,63,154,145,21,112,155,10589,0,275
5911781242,2,true,2483,22,7,5,3,14,1616850140,,,114,36,63,116,135,166,108,8249,35088,0,320
5899620045,130,true,2751,22,7,11,6,6,1616316851,,,63,160,63,116,135,166,154,1631,30170,0,400
5898157692,131,false,2341,22,0,17,4,15,1616252701,,,10,133,116,147,160,108,63,4526,43569,400,273
5886946124,1,false,3133,22,7,13,7,24,1615730682,,,126,50,21,100,168,108,235,2457,54002,0,245
5886806015,1,false,3001,22,7,15,9,17,1615727184,,,13,50,141,116,1,141,168,10966,46612,0,367
5885903944,1,false,3508,22,7,14,6,4,1615697073,,,113,168,1466,96,139,220,141,14750,60957,0,686
5884838443,132,true,2493,22,0,24,9,7,1615648763,,,76,223,96,116,1,534,63,1787,52669,0,247
5884779737,131,true,1610,22,7,0,3,0,1615647321,,,113,0,0,0,0,0,0,0,1758,0,57
5884584849,1,false,3800,22,7,12,9,22,1615642670,,,123,50,1466,116,1,141,149,17,64304,344,350
5884477976,1,true,2387,22,7,3,8,14,1615639905,,,53,37,250,116,1,112,63,11273,17637,0,337
5880653547,130,false,1947,22,7,9,3,11,1615471169,,,45,256,36,232,102,214,77,7291,23630,4142,131
5880552411,132,false,2057,22,7,10,3,12,1615468489,,,76,40,244,223,1,232,63,2039,22600,780,93
5878842230,129,false,1932,22,7,9,1,7,1615385978,,,113,141,1466,65,48,139,75,11779,27897,0,305
5876840772,3,true,2464,22,0,14,5,15,1615296177,,,113,141,1466,116,48,160,135,15829,46953,0,438
5875201664,4,false,3307,22,0,13,5,17,1615214930,,,6,139,63,116,263,133,135,4022,35518,0,393
5875044308,2,true,3129,22,0,13,9,34,1615211275,,,65,0,36,100,1,48,108,795,26819,0,162
5874916530,4,false,2537,22,7,7,7,1,1615208211,,,76,96,116,223,534,36,63,3211,16080,0,299
5873190774,0,true,2497,22,7,10,6,20,1615128202,,,13,48,119,100,141,168,534,7148,37442,0,318
5873070027,128,false,2385,22,7,14,4,11,1615125424,,,10,116,147,176,117,63,26,13504,35034,0,309
5872934197,0,false,1996,22,7,6,7,4,1615122520,,,10,36,63,147,40,108,26,769,13832,0,179
5870758413,2,true,2803,22,7,23,6,9,1615041060,,,76,247,96,116,604,63,534,9205,44237,0,317
5870624429,130,true,1925,22,7,2,9,5,1615037924,,,98,178,34,100,131,180,569,0,13277,0,139
5870495490,0,true,2402,22,7,14,7,17,1615034704,,,104,50,9,116,1,168,569,7618,24272,2129,146
5870174854,0,true,2061,22,7,24,1,6,1615023370,2,2,10,123,172,176,141,108,63,9765,45299,96,278
5868842066,128,true,2641,22,7,8,11,15,1614957280,,,76,58,116,223,102,63,534,3230,32974,0,250
5868701512,4,true,2876,22,7,19,3,15,1614953453,,,10,0,116,176,141,108,160,13090,48022,185,285
5868591518,128,true,2580,22,7,4,12,13,1614950297,3,1,111,40,36,43,102,244,29,0,12080,4482,37
5865430428,131,false,2158,22,7,22,4,12,1614777693,,,98,178,226,692,1,36,48,1953,46492,0,156
5863936116,3,false,2693,22,7,16,4,14,1614692286,,,11,208,116,100,604,108,48,2544,48920,250,431
5863842971,131,false,2520,22,7,5,7,23,1614689271,,,96,50,114,90,600,125,0,6612,26867,0,251
5862574192,3,false,2801,22,0,7,17,31,1614611053,,,27,40,0,21,1,214,232,2472,20622,0,59
5862478085,3,true,1738,22,7,16,3,7,1614607939,,,76,58,63,223,1,534,24,7350,27678,0,170
5862404679,128,true,1815,22,7,4,7,3,1614605600,,,25,48,41,100,215,77,77,362,12842,250,187
5860876732,129,false,3669,22,7,35,8,15,1614521084,1,3,70,48,116,208,603,145,154,11492,76298,0,427
5860755515,1,true,2918,22,7,22,5,17,1614517517,3,3,76,96,116,123,1,534,63,4345,62976,0,249
5859046521,2,true,2180,22,7,16,4,14,1614439091,,,17,121,116,98,41,63,77,4656,27093,125,275
5858953470,2,true,2071,22,0,12,2,10,1614436447,,,11,102,116,100,604,48,244,3648,20070,680,264
5858833242,130,true,2880,22,7,9,7,21,1614433041,,,15,50,100,116,54,141,598,1159,43364,0,303
5858764726,2,true,1415,22,0,10,3,9,1614431005,,,59,37,151,63,210,244,73,879,20336,0,92
5853780480,0,false,2313,22,7,10,6,7,1614175083,,,17,121,98,116,63,77,77,867,23535,340,286
5853699382,131,false,2069,22,7,11,5,12,1614172693,,,11,36,116,100,604,41,48,5022,27133,365,246
5851996848,4,true,2068,22,7,14,2,11,1614084450,,,32,108,63,145,1,141,149,2741,42115,0,266
5848711803,130,true,2350,22,0,7,7,9,1613916643,3,1,1,63,208,147,145,162,569,3351,12974,0,371
5848606365,130,true,2268,22,0,10,9,9,1613913752,1,3,129,50,178,116,1,36,8,141,17717,0,137
5848486840,131,true,3100,22,0,24,7,11,1613910211,2,2,17,108,116,250,123,121,149,674,73499,0,441
5847983350,1,true,2077,22,7,11,5,17,1613891965,,,35,50,263,116,65,36,166,6416,25431,0,210
5846743707,4,true,3203,22,0,4,5,14,1613831830,,,38,116,229,194,0,29,569,1530,16661,1644,171
5844848714,2,false,2597,22,0,5,12,21,1613744120,,,111,29,36,43,40,232,0,59,12866,9052,33
5844783500,2,true,1415,22,0,2,1,8,1613742403,,,95,50,36,692,0,0,108,8151,8788,0,150
5844691300,129,false,1960,22,0,4,2,10,1613739889,,,12,36,143,114,174,63,154,12425,19855,0,237
5842953579,3,true,4802,22,7,14,9,21,1613655976,,,11,96,116,176,604,108,220,8927,70472,465,582
5842858706,131,true,2157,22,7,2,8,9,1613653361,,,86,0,0,0,0,0,0,0,11259,125,67
5750546298,130,false,2913,22,0,15,3,10,1608473927,,,44,225,156,116,145,33,168,11511,51870,0,549
5750420551,1,false,3441,22,0,24,8,15,1608470129,,,114,50,156,116,0,160,139,4366,65892,0,420
5750338896,128,true,2118,22,0,4,8,5,1608467500,,,21,50,36,135,41,77,21,102,18408,375,172
5748828356,2,true,1931,22,7,13,0,21,1608389231,,,74,50,40,267,610,36,77,1543,31313,0,92
5748743344,129,true,2062,22,7,11,7,5,1608386392,,,70,154,63,208,145,0,569,542,27301,0,260
5740910819,4,true,2963,22,0,30,6,17,1607868348,,,129,50,26,116,1,112,168,3226,52370,0,276
5740842382,3,true,2056,22,0,8,6,13,1607865755,1,1,14,127,36,267,232,13,214,0,17265,365,38
5734253709,0,true,2188,22,0,22,4,9,1607436806,,,18,37,250,116,172,252,108,7111,37012,0,286
5731677647,2,true,1971,22,7,9,2,22,1607266073,1,1,1,149,63,147,145,160,75,8198,21447,0,287
5731583108,0,false,2698,22,7,16,5,10,1607262567,,,44,133,26,116,145,0,168,2838,57230,0,488
5727288036,131,false,2771,22,7,23,3,14,1607004675,,,44,156,208,116,145,108,168,11240,78497,0,425
5727207584,3,false,2342,22,7,1,9,10,1607001349,,,85,43,34,79,40,180,216,201,10066,1319,49
5726042289,2,true,3087,22,7,5,4,33,1606919186,2,2,19,37,100,267,1,168,214,316,19507,0,91
5725975809,131,true,2160,22,7,9,5,4,1606916541,,,81,34,63,116,249,73,73,950,14519,0,189
5725904115,1,true,2262,22,0,19,3,9,1606913418,3,3,19,102,100,203,1,30,214,463,30207,0,92
5722110392,131,false,2725,22,0,16,2,11,1606659961,,,1,156,208,147,145,139,160,20571,57826,0,538
5722045898,2,false,1652,22,0,0,5,6,1606657636,,,44,240,63,172,145,75,0,0,8843,0,130
5721980072,2,true,1897,22,7,6,4,9,1606655266,,,81,36,63,252,1,73,108,4305,9946,0,103
5720367214,130,false,3517,22,7,10,7,28,1606568087,,,126,50,267,116,235,36,108,3005,56925,0,237
5718865332,3,true,1998,22,7,17,2,12,1606481835,,,22,48,232,37,1,108,235,1894,50505,336,191
5716119503,3,true,1790,22,7,16,4,18,1606309434,,,81,154,63,0,249,112,0,8146,29892,0,171
5714740661,2,false,2310,22,7,8,10,11,1606226041,,,19,170,210,254,1,244,214,88,25531,0,116
5714667538,128,true,1791,22,7,5,7,1,1606223815,,,10,75,63,147,26,37,75,1877,9096,0,201
5713265184,131,false,1792,22,7,18,3,16,1606136332,,,19,252,36,102,1,244,214,293,28225,0,19
5712045781,130,true,2887,22,0,13,9,15,1606054514,,,22,108,37,100,1,232,48,25,60907,375,216
5711971800,2,true,2004,22,7,29,2,5,1606051852,,,44,168,149,149,145,108,141,11501,50438,0,323
5711894912,130,false,2389,22,7,30,2,5,1606048989,,,8,135,147,208,145,0,108,17245,73795,7515,378
5708950146,129,true,3100,22,7,8,10,11,1605883200,,,82,63,96,176,1,176,75,6701,25325,0,365
5708839077,128,true,3255,22,7,9,11,10,1605878957,,,106,50,267,116,149,145,168,65,25602,75,328
5708773507,128,true,2236,22,7,3,6,2,1605876273,,,1,143,172,147,145,63,75,1466,6718,0,308
5704984113,128,false,1942,22,7,18,2,22,1605618713,,,22,232,108,48,1,34,0,447,60750,1175,132
5703716064,128,true,2250,22,7,9,10,12,1605534150,,,51,50,36,267,127,210,0,88,32692,0,111
5703651436,3,true,2202,22,7,19,4,30,1605531462,,,17,121,108,98,277,63,77,6716,41532,0,237
5702353850,3,true,1759,22,7,27,2,5,1605447005,,,8,160,154,172,145,48,108,17113,47246,11252,240
5702271964,3,true,2217,22,7,16,4,9,1605443977,,,41,160,172,116,145,135,63,9713,33480,0,298
5702200141,131,true,2407,22,7,9,5,6,1605441087,,,67,0,116,147,143,63,160,4983,39845,0,310
5700871800,131,false,3863,22,7,30,8,15,1605364738,,,44,145,133,116,160,133,168,14361,106450,0,654
5700776469,1,true,2686,22,7,16,3,13,1605361283,,,41,147,156,116,135,63,10,11484,45485,0,386
5697932687,131,false,3986,22,7,7,10,33,1605186796,,,126,160,119,100,220,235,108,1050,70361,125,466
5693925475,0,true,2554,22,7,12,4,16,1604925411,,,81,36,65,116,249,112,63,10824,36850,0,226
5692516826,130,false,2371,22,7,20,3,13,1604838919,,,8,168,160,172,145,154,108,12559,45639,13630,315
5690949678,0,true,2747,22,7,17,5,8,1604756028,,,8,63,147,172,145,135,160,11904,40176,8791,420
5690876345,2,true,2254,22,7,8,7,7,1604753315,,,25,123,48,100,41,244,108,8840,20228,0,204
5689494526,129,false,2071,22,7,25,4,11,1604674001,,,70,160,63,143,145,154,168,10474,45857,0,235
5639799277,3,true,2314,22,7,19,4,8,1601644817,,,53,135,156,98,63,168,112,15618,47614,0,347
5639746716,129,true,1931,22,7,7,5,6,1601642500,,,128,214,31,210,41,108,73,638,16480,810,154
5637208430,128,true,2484,22,7,9,6,5,1601476345,,,74,77,116,98,63,108,77,879,20984,0,174
5637123161,128,false,2747,22,7,11,5,15,1601473075,,,113,48,156,139,158,236,135,18520,60331,0,544
5590545483,132,true,2290,22,7,5,10,6,1598709198,,,39,29,100,88,0,210,40,27,12209,396,58
5590459746,4,false,2164,22,7,4,7,10,1598706334,,,86,108,180,102,0,0,0,171,14207,0,67
5588898453,132,true,2215,22,7,1,12,13,1598625783,,,86,0,0,102,180,36,0,83,18680,593,81
5445750103,129,false,2207,22,0,17,6,10,1590910201,,,93,36,63,116,174,168,154,7925,30817,0,262
5445633642,1,true,3530,22,0,17,5,38,1590905519,,,65,108,223,100,1,235,220,5366,33262,0,196
5431298133,131,true,3326,22,0,11,5,25,1590248056,,,39,269,96,206,231,40,81,2022,49838,13651,237
5431098800,0,true,3557,22,7,12,9,24,1590241827,,,126,256,116,100,108,235,63,1114,45606,0,273
5428970893,132,true,2460,22,7,6,5,13,1590141156,1,3,128,94,229,206,81,242,29,1734,19019,68,214
5377347759,2,false,2670,22,0,3,12,14,1587789594,,,31,43,37,254,102,40,214,0,19967,805,68
5377280059,3,false,2865,22,0,7,12,7,1587785902,,,128,36,0,226,102,29,232,254,16359,0,177
5376293562,128,true,2391,22,0,3,10,14,1587741696,3,1,26,36,43,40,102,31,214,60,7127,780,44
5376143912,128,true,3077,22,0,9,5,11,1587737795,,,11,135,63,116,249,141,26,4031,49488,0,407
5376057710,131,false,1811,22,0,24,3,12,1587735551,,,106,36,48,40,149,108,168,2939,48024,20,179
5374165446,2,true,2131,22,0,11,6,16,1587651250,3,3,126,50,36,100,108,40,168,231,21161,85,151
5374039402,131,false,2658,22,0,19,3,15,1587647838,,,1,168,147,208,145,0,139,15773,38572,0,442
5372225134,130,true,2014,22,0,4,9,9,1587565105,,,129,50,36,178,1,40,81,507,14613,88,124
5372094050,130,true,3122,22,0,30,7,11,1587561578,,,70,40,156,208,168,63,135,14629,66433,0,233
5370380444,132,true,2334,22,0,8,10,11,1587481170,,,65,244,36,40,1,73,214,153,14807,400,50
5370179445,3,true,4404,22,0,14,10,18,1587475828,2,2,35,48,235,100,1,277,108,578,120791,400,485
5368285666,0,false,2281,22,0,2,14,6,1587392331,1,1,7,0,218,40,1,0,214,0,10579,355,70
5368172998,0,true,2002,22,0,13,3,15,1587389472,,,114,50,36,102,152,252,168,2753,28684,0,158
5366257357,0,true,1612,22,0,13,1,18,1587306101,,,51,50,36,267,11,90,0,1538,16314,51,81
5366130979,128,false,2292,22,0,17,4,12,1587303026,,,95,50,117,174,152,156,154,17782,61705,0,245
5365397078,128,true,1913,22,7,8,3,3,1587280559,,,1,75,63,147,145,75,75,835,11215,0,209
5365331837,2,true,1945,22,7,16,1,6,1587278085,,,1,168,147,208,145,63,75,13485,39263,0,340
5364025260,3,true,1920,22,0,31,3,9,1587223361,,,70,36,63,208,249,168,0,5579,43343,0,128
5363872800,131,true,1962,22,0,5,5,5,1587219774,,,74,50,36,267,0,21,77,0,25206,0,122
5362952649,128,false,2021,22,0,14,3,16,1587190446,,,126,36,63,100,277,108,168,4625,29789,125,174
5361675657,3,true,2292,22,0,3,6,17,1587135343,,,126,36,100,127,63,41,108,1372,22532,125,197
5361563234,131,true,2222,22,0,5,12,12,1587132599,,,79,218,36,73,102,214,88,0,16249,94,46
5361456823,4,false,2179,22,0,5,5,3,1587129993,2,2,10,36,63,176,26,154,75,1626,24524,0,237
5359694160,1,true,1861,22,0,16,2,4,1587050907,1,1,44,36,63,143,145,168,75,4331,23099,0,206
5359553569,2,true,2960,22,0,16,7,20,1587047245,2,2,126,129,100,116,256,63,108,959,34730,375,302
5359459329,130,false,1722,22,0,9,3,12,1587044837,,,98,178,36,29,121,226,73,2746,24244,0,129
5359365890,3,false,1955,22,0,7,6,11,1587042359,2,2,106,36,63,267,40,41,166,0,30840,125,115
5357494646,130,true,2512,22,0,9,11,12,1586960441,,,50,65,36,194,102,63,256,2374,28007,5590,214
5357320080,130,false,3329,22,0,15,5,23,1586955992,,,62,50,96,116,1,168,135,5326,42614,400,271
5355376762,128,true,2168,22,0,6,9,13,1586872180,,,121,77,206,201,30,29,77,132,20904,125,124
5355258808,0,true,2268,22,0,13,1,6,1586869024,,,1,36,208,147,145,63,139,10523,28856,0,406
5353412342,4,true,2595,22,0,14,4,7,1586787258,2,2,1,0,147,208,145,63,139,3547,35198,0,395
5353253374,131,false,3524,22,0,7,17,34,1586783302,1,3,5,164,102,229,1,43,214,1661,24076,1110,130
5351166564,132,false,3863,22,0,26,6,43,1586697869,3,1,51,108,96,229,90,48,137,3736,73772,0,406
5350506893,4,true,2575,22,0,18,6,13,1586677980,,,17,168,121,98,30,63,123,7822,41803,250,294
5350438691,131,false,1615,22,0,11,2,8,1586675522,,,62,102,98,116,1,185,63,6754,15153,0,122
5350379884,132,false,1812,22,0,13,3,9,1586673242,,,98,178,36,267,121,180,9,953,36903,0,153
5349161595,128,false,1912,22,0,12,4,11,1586621234,2,2,11,36,63,156,152,75,154,6840,28603,250,221
5349024959,0,false,2796,22,0,1,17,17,1586617853,,,26,218,37,40,1,16,214,13,9420,125,22
5348913526,128,true,2134,22,0,5,5,6,1586615270,,,6,149,63,10,263,75,75,1344,21935,0,212
5347834654,131,false,2300,22,0,18,4,17,1586580637,,,21,50,135,77,1,141,108,6092,24705,0,185
5347735303,131,true,4196,22,0,5,10,22,1586575473,,,7,108,116,100,1,210,214,1123,24447,0,356
5346479202,132,true,2482,22,0,11,6,13,1586527460,,,126,50,36,100,40,149,108,0,27435,125,139
5346279423,4,false,4510,22,0,11,10,20,1586522543,,,39,235,96,116,119,204,108,7473,64032,550,599
5344488053,3,false,2880,22,0,8,6,8,1586444293,,,93,139,249,116,174,63,75,3220,19446,0,320
5344345253,129,false,2496,22,0,17,6,23,1586440992,2,2,77,164,210,194,168,112,0,16766,39728,0,202
5342372884,129,false,2334,22,0,5,3,11,1586356162,,,120,0,63,90,174,7,108,1084,17789,0,233
5342172185,1,false,4003,22,0,19,14,12,1586351519,,,45,232,116,204,40,48,77,7826,60325,973,229
5340348081,1,true,1826,22,0,9,1,6,1586270658,,,61,98,178,229,11,154,108,5350,8813,0,246
5340239817,130,true,2170,22,0,22,6,6,1586267471,,,114,36,63,147,174,252,181,3554,43144,0,176
5340111207,0,false,2931,22,0,11,3,18,1586263965,,,48,154,156,116,139,63,108,8922,43794,0,388
5338220291,128,false,2607,22,0,8,1,17,1586179563,,,22,48,96,100,1,108,232,1229,60658,700,254
5336238070,0,false,2442,22,0,12,14,9,1586099043,,,75,77,63,116,102,259,77,58,36153,0,133
5336049018,128,true,2810,22,0,13,8,10,1586094581,,,10,63,147,176,123,75,75,4938,35908,0,273
5335936936,132,false,2064,22,0,8,5,18,1586091950,,,129,162,90,36,1,63,242,3622,19758,0,124
5333732440,129,true,2636,22,0,15,6,12,1586007800,,,54,50,36,210,158,143,54,1986,50564,2736,294
5333688706,1,false,670,22,0,1,3,2,1586006491,,,44,36,29,25,11,75,75,0,3593,0,35
5331854719,4,true,2689,22,0,21,7,20,1585927294,2,2,56,149,63,187,174,168,135,14547,66773,0,212
5331751649,132,true,1476,22,0,7,5,9,1585925322,2,2,106,50,11,267,41,166,86,0,26283,0,115
5331637903,3,false,2023,22,0,5,6,18,1585922602,,,71,36,63,210,0,73,73,0,9738,125,72
5329608509,2,false,3714,22,0,8,10,32,1585835734,,,79,48,36,100,1,108,232,2163,55477,645,230
5329491803,131,false,1825,22,0,27,2,24,1585832748,3,1,106,50,36,267,40,160,108,1792,42447,235,111
5329422041,2,false,1343,22,0,2,7,4,1585830816,,,42,50,151,36,11,216,73,1192,7261,14,100
5327729051,0,true,1696,22,0,20,2,12,1585751977,,,106,50,36,267,40,158,168,3425,31811,1780,146
5327584524,0,true,3220,22,0,15,8,26,1585748235,,,67,139,63,208,40,137,154,6833,73934,0,435
5325654103,1,false,2595,22,0,14,8,15,1585664011,,,106,36,100,267,176,41,63,1198,34761,375,156
5325483136,3,false,2147,22,0,1,5,3,1585659498,2,2,8,75,63,172,174,166,75,4709,12645,2742,219
5321712457,130,false,2181,22,0,18,2,17,1585493592,,,126,50,129,100,37,267,108,2847,40003,250,164
5321515866,2,true,1849,22,0,14,1,11,1585488716,,,89,152,96,147,174,63,75,12752,21647,0,273
5319244986,0,false,3396,22,0,2,15,11,1585402360,1,1,27,36,218,37,40,180,73,0,9277,240,45
5315346751,132,false,2484,22,0,6,10,30,1585235477,3,1,28,73,63,181,1,244,73,2351,14173,1005,48
5315232140,0,false,2406,22,0,16,7,15,1585232191,3,3,106,50,36,100,267,210,21,31,25482,400,101
5315132034,128,false,2121,22,0,6,9,27,1585229427,,,47,73,180,164,206,36,73,866,24922,0,63
5313319329,3,true,2621,22,0,11,9,16,1585145257,,,59,37,151,63,210,73,73,7041,21519,0,68
5313235178,131,false,1940,22,0,2,4,16,1585142869,,,126,259,36,100,40,180,181,452,12808,0,41
5311346641,3,false,2847,22,0,3,10,22,1585056466,,,97,0,40,218,1,180,181,111,10210,95,66
5309588246,131,false,2068,22,0,7,6,29,1584973905,,,106,50,190,100,102,36,259,1216,21364,0,69
5309487120,132,false,2099,22,0,19,4,16,1584971144,3,1,15,36,63,102,210,247,139,7094,43646,0,184
5309401706,1,true,1956,22,0,5,4,29,1584968777,1,1,26,0,34,0,102,214,244,543,11688,0,22
5309305078,130,true,2391,22,0,9,6,8,1584965847,,,17,36,121,100,98,77,63,102,23343,215,325
5307666783,1,true,1039,22,0,8,2,12,1584888006,,,14,214,36,261,43,86,261,0,10880,0,16
5307595224,1,true,1399,22,0,7,3,25,1584886137,,,106,50,36,100,190,43,0,1506,11405,0,37
5307513328,4,true,1580,22,0,4,3,30,1584884080,,,84,36,218,92,40,180,244,468,12058,960,12
5306929936,0,true,1775,22,0,12,1,19,1584865453,,,23,50,151,210,112,108,73,5538,32959,0,194
5306828160,129,true,3138,22,0,6,13,27,1584861583,,,107,40,43,267,102,36,29,0,24452,835,63
5305383435,0,true,2351,22,0,5,6,12,1584799515,1,1,111,214,37,218,256,232,88,109,13064,12929,43
5303145643,132,true,2684,22,0,4,10,11,1584708523,,,14,36,131,37,40,232,214,0,14948,0,50
5301558239,132,true,3494,22,0,4,15,25,1584629305,,,20,29,232,0,40,81,60,154,12189,7433,71
5301457177,2,true,2046,22,0,1,8,14,1584626379,,,84,0,180,0,102,181,0,99,7205,1650,12
5301330579,4,true,2416,22,0,8,6,33,1584622985,,,31,36,30,254,29,232,214,313,23020,770,34
5299743730,3,true,2282,22,0,15,5,8,1584543328,,,56,168,63,98,40,149,75,5487,33786,0,154
5299599176,128,false,2883,22,0,18,4,30,1584539201,,,106,225,119,267,63,166,108,369,55812,660,206
5299501458,128,true,1897,22,0,5,9,9,1584536478,,,19,50,40,100,1,252,0,0,10450,0,99
5295883580,132,true,2939,22,0,4,11,22,1584364450,,,75,36,58,0,102,63,77,2044,20206,400,73
5294161644,2,true,2378,22,0,13,5,15,1584281074,2,2,101,232,48,206,37,58,77,1633,42945,5,158
5294004310,130,false,2279,22,0,18,5,14,1584277058,,,10,36,63,176,26,75,160,11867,26425,0,173
5293892605,0,false,2212,22,0,3,7,18,1584274112,,,99,50,73,229,226,125,73,437,23783,0,195
5292213191,4,true,3080,22,0,5,11,25,1584198934,,,68,168,100,0,37,0,214,324,18545,545,46
5292083366,131,false,2840,22,0,4,11,31,1584195401,,,71,9,185,210,40,81,63,252,19910,11475,84
5291941943,131,false,2146,22,0,11,2,43,1584191763,,,51,50,229,267,34,30,154,1910,33460,240,50
5290054633,129,true,1741,22,0,4,8,8,1584106617,2,2,106,50,116,190,75,41,42,226,18361,0,115
5289952023,128,true,2290,22,0,2,12,11,1584103616,3,1,95,50,36,21,145,8,75,385,18461,0,169
5288462372,128,true,2271,22,0,7,9,21,1584022614,,,129,50,178,36,1,90,81,896,19423,2528,107
5288365394,130,false,2489,22,0,18,4,17,1584019627,,,95,50,156,147,174,143,145,14201,41641,0,341
5285332825,2,false,2711,22,0,10,6,34,1583852669,,,129,50,36,210,1,81,168,1855,35451,8480,183
5285247679,4,true,1612,22,0,16,3,14,1583849963,,,93,36,63,108,174,154,0,5995,25388,0,100
5285126089,3,true,2655,22,0,13,3,13,1583846410,,,41,36,147,116,133,63,145,8011,19079,0,332
5281830538,0,true,3095,22,0,2,11,24,1583678629,,,91,218,229,79,0,16,73,186,6765,17707,19
5281735202,128,true,2274,22,0,5,6,10,1583675872,,,12,36,63,147,174,143,75,942,14966,0,293
5281605813,128,true,2955,22,0,10,8,14,1583672424,,,70,50,36,116,208,185,51,2915,19910,0,279
5279951235,129,false,2466,22,0,12,11,17,1583596386,2,2,23,50,102,116,210,185,73,3613,17663,0,209
5279795293,3,false,3831,22,0,2,17,12,1583591842,,,31,36,254,206,40,218,214,110,22832,240,76
5279671632,0,true,2281,22,0,13,4,20,1583588568,,,129,50,36,108,1,81,168,4689,31663,4385,191
5277802169,1,true,2519,22,0,9,2,14,1583503392,,,1,145,147,208,139,63,38,15491,25762,0,376
5277685317,129,true,2965,22,0,13,8,8,1583500061,,,8,141,63,172,249,108,135,7724,41528,15843,383
5277584828,0,false,2550,22,0,7,8,9,1583497055,,,11,26,63,154,152,139,149,2273,20614,0,325
5276231347,128,true,3553,22,0,3,14,23,1583419022,,,91,162,37,79,40,254,81,380,5442,20035,22
5276128721,128,true,2432,22,0,9,6,10,1583415898,,,120,9,63,40,174,166,108,0,39237,0,315
5276037124,128,true,2243,22,0,8,7,7,1583413168,,,59,244,151,210,210,63,73,1638,21017,0,177
5274642372,0,true,2216,22,0,13,2,17,1583333649,2,2,11,154,63,41,152,75,75,2668,38773,0,194
5274535785,128,false,2486,22,0,9,4,25,1583330302,,,31,36,0,254,102,214,232,227,19778,0,81
5273032306,3,true,1995,22,0,15,3,16,1583247855,1,1,32,149,63,168,145,149,149,2088,29604,0,166
5272956311,2,true,1763,22,0,14,2,14,1583245415,,,45,29,232,204,41,77,77,9980,20640,560,130
5272831669,1,true,2556,22,0,21,6,8,1583241753,,,11,149,63,156,152,154,112,9823,35371,250,315
5271416272,130,true,2072,22,0,3,6,8,1583161024,,,80,216,29,0,0,0,0,838,15622,0,167
5271334868,0,true,1955,22,0,10,3,7,1583158544,,,126,50,187,116,36,149,168,2547,14890,0,160
5271224680,0,true,2130,22,0,5,5,23,1583155407,1,1,75,36,43,176,102,63,77,1651,17909,1195,54
5269775131,4,true,2220,22,0,6,2,4,1583076244,,,94,50,166,147,172,141,75,7481,13188,0,340
5269584373,4,false,2082,22,0,4,11,14,1583070645,,,20,36,40,187,102,180,244,109,10449,400,48
5269451541,2,true,2347,22,0,12,5,11,1583067218,,,44,50,141,145,40,149,168,11114,29775,0,261
5267777012,129,false,1988,22,0,11,1,16,1582992246,,,80,29,0,131,16,0,0,14982,29008,0,226
5267608701,4,false,3726,22,0,16,10,15,1582987142,2,2,11,96,176,116,249,168,63,7189,59171,125,453
5267511004,0,false,2158,22,0,3,6,8,1582984378,3,3,58,40,63,210,102,73,73,1062,15930,1542,129
5267420797,128,false,1908,22,0,9,3,18,1582981842,,,8,117,63,172,174,154,143,8210,20083,13680,207
5265782097,0,true,1943,22,0,13,0,11,1582900317,,,11,41,63,176,249,154,75,13386,28775,375,240
5265709267,130,true,1625,22,0,2,11,4,1582898135,,,14,50,36,218,261,261,20,0,6254,400,19
5264192024,129,false,2002,22,0,22,2,18,1582814713,,,11,185,63,147,152,141,75,13499,35489,375,214
5264124494,0,true,1718,22,0,8,4,21,1582812493,,,28,36,63,229,1,0,73,2156,16633,0,83
5260930280,131,true,1701,22,0,1,8,4,1582639156,,,74,240,63,98,0,77,77,285,11347,0,111
5260793156,0,true,2391,22,0,23,4,14,1582634936,,,94,160,63,147,172,141,75,18342,58647,0,367
5259249541,3,false,2038,22,0,5,10,13,1582553249,,,91,79,36,31,216,73,73,514,5765,22961,19
5259091898,130,false,3311,22,0,15,7,12,1582548696,2,2,11,154,63,156,249,141,139,8985,51099,125,454
5257446464,131,true,3166,22,0,3,12,17,1582465301,,,87,218,37,254,40,180,60,158,12713,0,80
5257288698,0,false,2750,22,0,6,11,11,1582460791,,,22,214,58,108,77,232,77,51,47706,0,179
5255732787,4,true,1844,22,0,8,5,10,1582386144,,,80,29,16,131,0,0,0,21458,21337,0,169
5255630332,129,false,2100,22,0,12,7,24,1582382936,2,2,19,50,187,102,1,36,40,437,22104,0,51
5255490612,1,true,3179,22,0,10,3,22,1582378844,,,12,156,147,208,174,139,63,9212,32991,0,486
5255400440,0,true,2031,22,0,19,4,9,1582376152,,,54,50,36,208,168,135,154,12370,33880,2016,194
5252029949,3,false,2693,22,0,10,6,2,1582205958,,,54,,36,210,143,135,166,0,16402,424,291
5251945673,131,true,2193,22,0,2,12,12,1582203078,,,97,,31,218,102,180,181,0,5243,725,22
5250591639,2,true,1990,22,0,6,6,14,1582122208,,,19,,36,102,1,0,244,365,16916,0,33
5250534637,128,false,1405,22,0,7,0,4,1582120240,,,80,,16,44,240,0,0,15948,8309,0,177
5249158139,130,false,2161,22,0,6,6,24,1582038400,,,31,,36,254,30,102,214,337,18792,400,28
5249083397,132,true,1995,22,7,7,6,3,1582035622,,,12,,63,147,174,75,75,1577,26972,0,209
5248986505,128,true,2635,22,0,3,10,12,1582032174,,,114,,36,116,174,252,75,732,17652,0,229
5247511578,128,true,3079,22,0,18,10,13,1581946366,,,4,,100,116,208,166,108,0,45138,1515,277
5246034656,128,false,2028,22,0,19,4,13,1581863216,,,114,,168,252,174,108,170,5573,34472,0,203
5245942384,0,true,1793,22,0,12,1,19,1581860358,,,19,,100,92,1,102,36,721,14904,416,49
5245858450,0,true,1847,22,0,10,2,8,1581857873,,,80,,16,131,0,0,0,19364,24227,0,189
5244267081,2,true,1576,22,0,7,5,12,1581778819,,,19,,36,102,1,40,244,506,12366,0,32
5244111717,0,true,4172,22,0,4,2,16,1581773995,,,80,,108,0,40,0,0,26415,19992,0,558
5242594153,0,true,1634,22,0,8,2,9,1581692974,,,80,,90,0,0,0,0,14387,21101,0,158
5242500680,2,false,2564,22,0,9,8,14,1581689745,,,32,,147,116,174,63,33,2856,25809,0,200
5242410791,130,false,2464,22,0,11,9,21,1581686669,,,19,,267,100,1,102,36,922,24528,400,79
5240890825,129,false,2063,22,0,7,2,13,1581600616,,,46,,168,250,1,154,75,12096,27306,0,297
5240812911,128,true,1633,22,0,6,4,0,1581597836,,,101,,29,206,77,77,77,0,27499,0,95
5239534003,2,true,1934,22,0,13,3,11,1581520806,,,95,,36,154,156,145,143,15088,28905,400,237
5239460582,0,false,2054,22,0,3,3,4,1581518202,,,126,,168,229,240,149,0,873,13776,0,185
5239376771,3,false,2224,22,0,2,9,12,1581515320,,,120,,40,131,174,180,7,209,22228,0,205
5236281505,131,false,3033,22,0,2,5,18,1581342276,2,2,97,,63,116,1,141,252,2582,15204,1976,399
5234743536,3,true,2171,22,7,17,4,19,1581258128,,,114,,30,116,174,252,108,6137,35119,0,199
5234658722,3,true,2081,22,0,10,3,9,1581255491,,,74,,267,100,250,77,77,4018,26864,240,148
5234309162,1,false,2301,22,0,9,4,10,1581243731,,,17,121,63,250,40,41,77,0,32778,125,227
5234254510,1,true,1465,22,0,19,3,16,1581241512,,,62,,36,229,90,185,154,2901,15862,0,67
5232925449,3,true,2107,22,0,26,2,18,1581172382,1,1,32,37,225,147,174,63,75,1540,48007,0,152
5232812481,0,true,2647,22,0,20,1,7,1581168859,1,1,1,,208,147,145,117,135,10615,52517,0,471
5231183083,0,true,2493,22,0,7,10,23,1581086690,,,19,244,102,100,1,185,214,1564,22803,0,91
5231049780,3,true,3009,22,0,19,6,18,1581082292,2,2,74,,98,116,48,117,65,8221,59197,0,235
5227999285,128,false,2506,22,0,15,4,13,1580912804,,,120,,226,135,174,63,108,4214,32226,0,274
5227898160,3,false,2882,22,0,7,8,6,1580909321,2,2,11,,176,208,1,244,277,4165,18816,250,426
5226482007,3,true,2161,22,0,11,2,15,1580827371,,,54,,151,208,36,166,112,19702,28893,1678,312
5226378136,3,true,2549,22,0,9,1,13,1580823898,3,3,25,214,37,100,277,232,108,7005,22606,370,177
5225029515,2,false,2563,22,0,5,8,10,1580743741,,,7,,63,100,1,102,0,181,16882,0,166
5224944986,132,true,2205,22,0,7,7,4,1580740597,,,10,,63,176,75,75,75,1516,12934,0,185
5224846390,132,false,2820,22,0,14,5,19,1580737117,,,32,,225,147,174,63,160,2818,35670,0,209
5224765619,128,true,2134,22,0,9,5,5,1580734279,,,75,,63,185,102,58,24,1133,14751,0,213
5223462017,128,false,3153,22,0,11,11,35,1580657748,,,51,,267,127,102,214,108,3266,43728,240,91
5223281592,1,true,3914,22,0,17,7,34,1580651784,,,114,,208,147,249,252,48,9196,106808,0,474
5222933594,4,false,2721,22,0,14,6,15,1580640090,,,74,,98,116,65,77,63,6745,36076,0,241
5222867416,4,true,1925,22,0,6,6,18,1580637363,,,31,,218,254,102,86,214,1400,11941,0,43
5221586828,4,true,1657,22,0,8,4,14,1580568891,,,54,,151,36,168,166,143,7600,17377,763,168
5221480005,4,true,2128,22,0,9,1,15,1580565374,,,97,,63,116,152,252,112,14124,28664,0,314
5219859901,131,false,1060,22,0,1,2,1,1580481169,,,44,,36,75,11,75,51,0,3770,0,98
5219792985,3,true,1808,22,0,16,2,10,1580478835,,,54,,151,208,36,117,166,10599,33561,1386,185
5219730225,0,true,1654,22,0,8,4,18,1580476619,,,4,,63,127,154,75,166,2955,26122,234,188
5218422132,131,false,3079,22,0,19,6,12,1580396496,,,10,,63,176,123,154,108,7388,42654,0,281
5218340200,131,false,2219,22,0,17,4,14,1580393486,,,54,,151,36,208,158,112,12377,37018,1412,243
5218227082,3,true,3145,22,0,13,4,16,1580389548,,,89,,117,147,174,114,139,5357,55245,0,482
5216813158,128,false,3392,22,0,14,2,10,1580307501,,,1,,208,147,250,139,168,17275,55195,0,759
5216729078,3,true,2481,22,0,4,7,21,1580304408,,,20,,81,254,102,214,0,3119,17156,1545,67
5215288979,4,false,2505,22,0,10,6,15,1580219656,,,128,,206,100,37,214,232,901,27118,0,132
5213960163,2,true,4903,22,0,9,4,15,1580138677,,,34,,96,204,1,232,220,49,67680,555,701
5213865850,130,true,3146,22,0,12,12,18,1580135020,,,72,,63,116,166,185,108,2266,42184,0,373
5213744538,0,false,3600,22,0,7,6,10,1580130501,,,128,,176,100,102,214,232,2135,42350,400,308
5213222460,128,true,2604,22,0,2,6,6,1580104763,,,93,,63,116,174,65,108,61,15445,0,306
5213181437,1,false,2038,22,0,3,4,5,1580102177,,,11,,63,116,152,185,75,1692,12661,400,268
5210950728,128,false,3190,22,0,18,5,12,1579965024,,,97,,135,116,379,112,141,11152,44013,0,463
5210857255,128,false,3196,22,0,8,5,22,1579961164,,,126,,98,100,116,225,96,7326,29367,0,324
5210799703,0,true,1761,22,0,3,3,13,1579958799,,,128,,43,100,73,214,88,2508,8681,0,82
5210449613,128,false,2387,22,0,10,2,24,1579941489,,,128,,36,100,267,180,273,1915,23052,504,124
5208231381,0,true,3206,22,0,7,12,22,1579785249,,,128,,267,100,226,43,48,1578,29855,480,159
5205754253,128,false,2425,22,0,8,4,13,1579613215,,,11,,63,154,156,139,168,14814,21494,0,297
5203328699,3,true,2487,22,0,24,5,9,1579446561,,,70,50,123,208,168,185,378,7723,42973,0,281
5203265846,128,true,2098,22,0,5,8,6,1579443942,,,54,,151,36,135,166,334,309,13060,1330,198
5203203578,129,false,1678,22,0,17,1,9,1579441428,,,1,,63,154,145,334,331,7132,20793,0,251
5202734165,132,true,3486,22,7,13,4,25,1579418317,,,39,,96,116,119,100,48,3699,55785,125,506
5202680308,4,true,2383,22,7,13,3,8,1579415015,,,76,,96,232,1,63,108,1737,33650,0,233
5202603701,4,false,3899,22,7,4,9,38,1579409631,,,86,1,100,176,356,311,48,100,31505,0,318
5201923570,2,false,2643,22,7,12,6,15,1579361843,,,93,,63,116,174,108,378,7031,30330,0,276
5201862726,2,true,1999,22,7,16,2,13,1579359257,,,70,,117,208,116,185,378,8699,21510,0,166
5200431388,2,true,2011,22,7,20,3,20,1579272032,,,93,,63,139,174,108,309,18091,32426,0,179
5200377001,128,true,1571,22,7,3,3,4,1579269730,,,54,,151,65,356,168,71,653,10931,1217,126
5200316131,2,true,2071,22,7,19,3,16,1579267118,,,70,,21,208,185,168,381,7397,32704,0,171
5199115990,129,false,2753,22,7,28,2,11,1579180013,,,54,,151,208,135,112,137,21343,57121,1684,438
5198053186,130,true,3490,22,0,19,8,5,1579099938,,,128,,206,204,102,330,273,2833,43395,0,330
5197864970,129,false,2873,22,0,9,6,24,1579091603,,,128,,210,100,102,48,273,1873,26565,0,188
5194172551,1,false,2480,22,7,9,5,6,1578832361,,,1,,63,147,145,139,297,3228,24931,0,423
5194061998,3,true,1749,22,7,15,0,16,1578827592,,,54,,151,36,168,166,112,13385,36191,1544,180
5193990032,130,true,2639,22,7,7,6,15,1578824130,,,98,,90,100,226,180,108,2131,19381,0,312
5192524273,128,true,2420,22,0,6,4,4,1578740285,,,11,,63,376,152,154,141,4224,19593,0,360
5192477731,0,true,1787,22,0,19,3,12,1578737914,,,70,,36,208,304,168,244,3707,32221,0,99
5186212788,131,false,3220,22,7,21,4,26,1578320067,,,126,,116,100,250,119,358,4574,42414,400,245
5186140911,131,true,2335,22,0,6,8,6,1578317218,,,120,,63,100,108,166,75,252,18442,125,267
5186018432,131,true,3359,22,7,10,7,10,1578312154,,,19,,377,172,152,63,112,16019,32296,0,380
5184803657,131,false,3192,22,7,13,7,21,1578231872,,,74,,96,235,102,108,311,2314,40799,0,305
5184699909,131,true,2352,22,0,4,10,6,1578228064,,,19,,116,172,299,212,63,3143,17663,0,214
5183243331,129,false,1928,22,0,13,6,8,1578146369,,,19,55,63,116,172,381,154,22658,29866,0,203
5183166307,1,true,1901,22,0,19,4,11,1578143620,,,114,,36,160,166,75,252,9305,32678,0,164
5183088013,1,true,2150,22,0,24,2,21,1578140672,,,126,,36,100,98,123,308,3539,35810,380,162
5183018320,130,false,1790,22,0,20,3,19,1578137822,,,7,36,63,100,1,108,73,4654,29474,0,121
5181761101,128,false,2782,22,0,4,8,21,1578060616,,,120,,63,100,174,325,81,3875,19293,3510,215
5181639983,1,false,2414,22,0,13,7,10,1578056047,,,23,,9,127,210,137,361,847,51425,0,249
5180287117,132,true,3384,22,0,18,10,9,1577971199,,,25,,220,110,108,311,232,5265,41471,1020,312
5180209080,131,false,1840,22,0,20,2,9,1577968131,,,120,,63,135,174,290,108,4734,31153,625,152
5180151446,3,true,1955,22,0,15,1,9,1577965684,,,11,,63,147,65,139,334,13841,26301,0,300
5174379399,128,true,2818,22,7,15,8,14,1577610760,,,93,,63,116,174,185,108,4033,34057,0,277
5174310306,1,true,2686,22,0,14,10,26,1577607391,,,42,,112,127,376,135,137,7612,56844,1469,268
5174259369,128,true,1914,22,7,11,4,4,1577604874,,,74,,48,116,102,65,77,1045,22680,0,164
5172946898,0,true,1972,22,7,10,3,18,1577531648,,,13,,190,204,1,48,77,5735,22858,945,176
5171666100,0,true,3223,22,0,13,10,22,1577454221,,,62,,225,116,229,98,185,3453,33597,0,157
5171605611,1,true,1773,22,0,7,4,9,1577451960,,,80,,0,0,0,0,0,12814,13039,0,120
5171520852,128,false,2159,22,0,10,3,26,1577448429,,,6,,63,147,263,288,139,18431,38580,0,255
5168702282,128,true,2319,22,7,12,6,10,1577266772,,,126,,36,100,98,289,77,741,35357,250,178
5168661259,129,true,1825,22,7,3,6,8,1577264185,,,70,,36,349,125,143,26,0,15015,0,117
5168616200,0,true,2152,22,7,17,4,18,1577261251,,,13,,168,116,152,289,166,6635,41959,0,162
5164747234,131,true,2475,22,7,5,9,13,1577009014,,,114,,36,116,252,166,75,143,30404,0,233
5164651435,129,false,3171,22,0,21,2,11,1577003989,,,76,,48,232,273,108,300,2470,55678,0,280
5164591571,131,false,2603,22,0,17,7,13,1577000881,,,95,,208,156,154,0,135,17383,58711,0,272
5162097242,0,true,2079,22,7,12,3,22,1576848914,,,120,,63,174,226,334,135,4705,24490,125,221
5162002049,130,false,3349,22,7,10,3,23,1576844817,,,93,,208,116,174,304,160,8971,34664,0,382
5161945771,2,true,2263,22,7,17,5,7,1576842029,,,70,,378,116,172,185,143,5595,26354,0,170
5139385711,130,false,1636,22,0,3,4,4,1575371267,,,14,,0,0,0,0,0,0,5291,0,15
5138243843,4,true,2663,22,0,4,9,19,1575291514,,,23,,108,137,289,290,50,1843,9704,370,130
5138184793,128,false,1972,22,0,7,5,14,1575289065,,,2,,242,50,298,289,127,429,13119,400,87
5138106500,3,false,3134,22,0,4,8,15,1575285399,,,77,,81,108,194,334,377,3173,13071,5449,244
5133524604,0,true,1604,22,0,3,6,14,1575037335,,,9,,92,0,188,36,40,,,,64
5133378289,129,true,3780,22,0,7,10,22,1575032255,,,9,,176,364,123,376,204,,,,254
5108808153,132,false,2484,22,0,8,4,20,1573476418,,,35,,63,152,158,65,75,,,,253
5106173990,132,false,3293,22,0,3,10,36,1573314859,,,99,,127,90,79,0,242,,,,187
5104492692,3,true,2357,22,0,5,7,16,1573223836,,,13,,204,41,0,100,63,,,,193
5104394727,4,true,2866,4,0,16,4,23,1573220115,,,32,,147,174,168,143,139,,,,264
5104354341,131,true,1172,4,0,2,7,3,1573218538,,,36,,77,77,0,16,0,,,,36
5103242844,130,false,2788,4,0,4,8,28,1573138533,,,34,,41,43,102,96,48,,,,130
5103176166,2,true,2325,4,0,7,4,20,1573135795,,,52,,100,0,277,265,123,,,,157
5103082165,4,true,2982,4,0,14,5,23,1573131961,,,26,,100,37,30,48,108,,,,90
5086253829,0,false,2008,4,0,2,7,6,1572096156,,,8,50,170,185,75,166,182,,,,165
5047894582,128,false,2771,22,0,6,6,18,1569844741,,,58,50,263,108,90,100,185,,,,213
4920510708,132,false,1994,22,0,12,0,17,1563884940,,,9,1,50,147,0,65,158,,,,236
4561032725,130,true,2444,22,7,5,6,9,1553255016,,,93,152,116,143,36,252,63,,,,229
2879780179,131,false,3143,4,0,1,7,6,1483013065,,,90,102,231,90,0,108,214,,,,231
1947693477,129,false,2808,1,0,4,8,18,1448031008,,,85,180,79,116,46,31,42,,,,57
1468110890,4,true,2691,1,0,2,11,9,1431445493,,,75,102,36,0,63,46,60,,,,51
1463198015,131,false,1489,1,0,7,2,8,1431268787,,,84,102,92,180,178,46,108,,,,25
1320482015,1,true,2545,1,0,1,5,7,1426362341,,,90,102,79,43,214,0,42,,,,73
1287100708,129,false,2992,1,0,1,8,15,1425231906,,,20,100,154,14,63,46,0,,,,113
1267833590,129,true,2088,1,0,5,7,8,1424705451,,,23,50,152,149,46,0,0,,,,37
